{"cameraMode":{"drawMode":0,"name":"Shaded","section":"Shading Mode"},"sceneLighting":true,"audioPlay":false,"sceneViewState":{"m_AlwaysRefresh":true,"showFog":true,"showSkybox":true,"showFlares":true,"showImageEffects":true,"showParticleSystems":false,"showVisualEffectGraphs":true,"m_FxEnabled":true},"in2DMode":false,"pivot":{"x":-1.2871456146240235,"y":2.2661614418029787,"z":0.01582813262939453},"rotation":{"x":-0.0642537847161293,"y":0.9012593626976013,"z":-0.1434199959039688,"w":-0.4037746787071228},"size":7.9435906410217289,"orthographic":false}